{
    "keep": {
        "days": true,
        "amount": 7
    },
    "auditLog": "logs/.7f51793010d5ab60fc8ed266ecf162bebd71329a-audit.json",
    "files": [
        {
            "date": 1745297124914,
            "name": "logs/app-2025-04-22.log",
            "hash": "4d0558b02f91f8d223f4ce8ad51b46b6a3c6bc0d6c9013eacecba2ab497a55f1"
        },
        {
            "date": 1745381579289,
            "name": "logs/app-2025-04-23.log",
            "hash": "5e6773663445f5778f37ced77afcccb2d9e8ddc58d362f249c1da1391540dceb"
        },
        {
            "date": 1745471396877,
            "name": "logs/app-2025-04-24.log",
            "hash": "12b7b77f06e8fc71ab07a4dc4fcc5afb70fce067703385e4a7e80b2e3c1ee466"
        },
        {
            "date": 1745555507266,
            "name": "logs/app-2025-04-25.log",
            "hash": "46fb289694bd2363dc750c9081d51085a3beb1ade80a097b268eac5830a24912"
        },
        {
            "date": 1745814470289,
            "name": "logs/app-2025-04-28.log",
            "hash": "ddeefce262e9a810e2e06532ee0942b81c7fcd4b7770b5e4b83767628ffdb462"
        },
        {
            "date": 1745898505629,
            "name": "logs/app-2025-04-29.log",
            "hash": "4e0b36feb47b15f092e690085acc4dbdbb0d369d2150f5dc987d1a6ca0e08ac9"
        }
    ],
    "hashType": "sha256"
}