{
    "keep": {
        "days": true,
        "amount": 7
    },
    "auditLog": "logs/.7f51793010d5ab60fc8ed266ecf162bebd71329a-audit.json",
    "files": [
        {
            "date": 1745471396877,
            "name": "logs/app-2025-04-24.log",
            "hash": "12b7b77f06e8fc71ab07a4dc4fcc5afb70fce067703385e4a7e80b2e3c1ee466"
        },
        {
            "date": 1745555507266,
            "name": "logs/app-2025-04-25.log",
            "hash": "46fb289694bd2363dc750c9081d51085a3beb1ade80a097b268eac5830a24912"
        },
        {
            "date": 1745814470289,
            "name": "logs/app-2025-04-28.log",
            "hash": "ddeefce262e9a810e2e06532ee0942b81c7fcd4b7770b5e4b83767628ffdb462"
        },
        {
            "date": 1745898505629,
            "name": "logs/app-2025-04-29.log",
            "hash": "4e0b36feb47b15f092e690085acc4dbdbb0d369d2150f5dc987d1a6ca0e08ac9"
        },
        {
            "date": 1746072411062,
            "name": "logs/app-2025-05-01.log",
            "hash": "778d3a31942a3d15317fa3846c2a70b4b376da3d2e4c14ffc743d97b22aa11fe"
        }
    ],
    "hashType": "sha256"
}